pollutant,est,std_err
SO2,0.138185,0.034651
NO2,0.320121,0.049849
CO,0.084282,0.024758
O3,0.565368,0.022191
